action	min_reward	mean_reward	max_reward
0	0.0	1.2402355291657092	6.564312482579681
1	0.0	0.29068276980288715	1.8572907734225643
2	0.0	0.12417962825890305	0.9578419522589532
