mean	std
-0.4523157573312066	0.2843622981192362
