best_profit	one_std_profit
34690.232802011626	68137.7564261389
