asset	estimated_return
AAPL	0.019069311115197125
SPY	0.016665991226013484
TSLA	0.04963986709969106
HOG	-0.011848985266120684
HSY	0.0021702922393369477
HLT	0.019839951633920157
