asset	allocation
AAPL	0.05791919482167664
SPY	0.7641939216172154
TSLA	-2.723301423257935e-20
HOG	-3.671990675639008e-20
HSY	0.17788688356110796
HLT	-4.5106883057685835e-20
